Workbook
Name curvas_NS: Curva_NS!$A$1:$H$18
Name curvas_NS_1: Curva_NS!$A$1:$H$33

Sheet bonos_metricas
A1: ticker | B1: tipo | C1: precio_sucio | D1: precio_teorico | E1: ytm | F1: dur_mac | G1: dur_mod | H1: convexidad | I1: plazo_anos
A2: AL30 | B2: hard_dollar | C2: 84860 | D2: 85983.582 | E2: 0.093999079 | F2: 1.9635 | G2: 1.8754 | H2: 6.1246 | I2: 3.8410959
A3: AL35 | B3: hard_dollar | C3: 115560 | D3: 118485.82 | E3: 0.10672845 | F3: 5.4025 | G3: 5.1289 | H3: 36.6775 | I3: 8.8438356
A4: AL29 | B4: hard_dollar | C4: 82580 | D4: 83308.529 | E4: 0.088975314 | F4: 1.5208 | G4: 1.456 | H4: 3.7979 | I4: 2.8410959
A5: AL41 | B5: hard_dollar | C5: 108800 | D5: 110361.61 | E5: 0.10483276 | F5: 5.798 | G5: 5.5093 | H5: 50.6665 | I5: 14.849315
A6: AE38 | B6: hard_dollar | C6: 120750 | D6: 124611.62 | E6: 0.1077899 | F6: 4.5639 | G6: 4.3305 | H6: 32.2117 | I6: 11.350685
A7: TZV27 | B7: dollar_linked | C7: 147800 | D7: 146323.96 | E7: 0.047602678 | F7: 0.8137 | G7: 0.7767 | H7: 1.4758 | I7: 0.81369863
A8: TZV28 | B8: dollar_linked | C8: 125880 | D8: 128051.98 | E8: 0.11539549 | F8: 1.8164 | G8: 1.6285 | H8: 5.1159 | I8: 1.8164384
A9: TZVD8 | B9: dollar_linked | C9: 119450 | D9: 117854.52 | E9: 0.11645672 | F9: 2.2767 | G9: 2.0392 | H9: 7.4601 | I9: 2.2767123
A10: D15E7 | B10: dollar_linked | C10: 149000 | D10: 148813.14 | E10: 0.086436521 | F10: 0.3589 | G10: 0.3303 | H10: 0.4877 | I10: 0.35890411
A11: D31M7 | B11: dollar_linked | C11: 147100 | D11: 148107.66 | E11: 0.078379243 | F11: 0.5644 | G11: 0.5234 | H11: 0.8829 | I11: 0.56438356
A12: TX26 | B12: CER | C12: 728.7 | D12: 728.7204 | E12: 0.095187044 | F12: 0.1753 | G12: 0.1674 | H12: 0.1184 | I12: 0.17534247
A13: TX28 | B13: CER | C13: 1697 | D13: 1719.1068 | E13: 0.102174 | F13: 1.1142 | G13: 1.0601 | H13: 2.2926 | I13: 2.1780822
... A18: T31Y7 | B18: tasa_fija | C18: 123.99 | D18: 123.8664 | E18: 0.31595895 | F18: 0.7315 | G18: 0.5559 | H18: 1.2666 | I18: 0.73150685

Sheet Sens_hard_dollar
D1: AL30 | G1: AL35 | J1: AL29 | M1: AL41 | P1: AE38
A2: Shock (bps) | B2: diferencial y | C2: Precio | D2: Variacion (ARS) | E2: Variacion (%) | F2: Precio | G2: Variacion (ARS) | H2: Variacion (%) | I2: Precio | J2: Variacion (ARS) | K2: Variacion (%) | L2: Precio | M2: Variacion (ARS) | N2: Variacion (%) | O2: Precio | P2: Variacion (ARS) | Q2: Variacion (%)
A3: -300 | B3: =A3/10000 -> -0.03 | C3: =C$8+D3 -> 89930.294 | D3: =(-$B3*VLOOKUP(Sens_hard_dollar!D$1,Tabla1[],6,0)+0.5*VLOOKUP(Sens_hard_dollar!D$1,Tabla1[],7,0)*$B3*$B3)*Sens_hard_dollar!C$8 -> 5070.2942 | E3: =(C3/C$8-1) -> 0.05974893 | F3: =F$8+G3 -> 134556.1 | G3: =(-$B3*VLOOKUP(Sens_hard_dollar!G$1,Tabla1[],6,0)+0.5*VLOOKUP(Sens_hard_dollar!G$1,Tabla1[],7,0)*$B3*$B3)*Sens_hard_dollar!F$8 -> 18996.1 | H3: =(F3/F$8-1) -> 0.16438301 | I3: =I$8+J3 -> 86401.736 | J3: =(-$B3*VLOOKUP(Sens_hard_dollar!J$1,Tabla1[],6,0)+0.5*VLOOKUP(Sens_hard_dollar!J$1,Tabla1[],7,0)*$B3*$B3)*Sens_hard_dollar!I$8 -> 3821.7363 | K3: =(I3/I$8-1) -> 0.0462792 | L3: =L$8+M3 -> 127994.41 | M3: =(-$B3*VLOOKUP(Sens_hard_dollar!M$1,Tabla1[],6,0)+0.5*VLOOKUP(Sens_hard_dollar!M$1,Tabla1[],7,0)*$B3*$B3)*Sens_hard_dollar!L$8 -> 19194.407 | N3: =(L3/L$8-1) -> 0.17641919 | O3: =O$8+P3 -> 137518.04 | P3: =(-$B3*VLOOKUP(Sens_hard_dollar!P$1,Tabla1[],6,0)+0.5*VLOOKUP(Sens_hard_dollar!P$1,Tabla1[],7,0)*$B3*$B3)*Sens_hard_dollar!O$8 -> 16768.036 | Q3: =(O3/O$8-1) -> 0.13886572
A4: -200 | B4: =A4/10000 -> -0.02 | C4: =C$8+D4 -> 88224.281 | D4: =(-$B4*VLOOKUP(Sens_hard_dollar!D$1,Tabla1[],6,0)+0.5*VLOOKUP(Sens_hard_dollar!D$1,Tabla1[],7,0)*$B4*$B4)*Sens_hard_dollar!C$8 -> 3364.2815 | E4: =(C4/C$8-1) -> 0.03964508 | F4: =F$8+G4 -> 128164.8 | G4: =(-$B4*VLOOKUP(Sens_hard_dollar!G$1,Tabla1[],6,0)+0.5*VLOOKUP(Sens_hard_dollar!G$1,Tabla1[],7,0)*$B4*$B4)*Sens_hard_dollar!F$8 -> 12604.797 | H4: =(F4/F$8-1) -> 0.10907578 | I4: =I$8+J4 -> 85115.801 | J4: =(-$B4*VLOOKUP(Sens_hard_dollar!J$1,Tabla1[],6,0)+0.5*VLOOKUP(Sens_hard_dollar!J$1,Tabla1[],7,0)*$B4*$B4)*Sens_hard_dollar!I$8 -> 2535.8006 | K4: =(I4/I$8-1) -> 0.0307072 | L4: =L$8+M4 -> 121536.33 | M4: =(-$B4*VLOOKUP(Sens_hard_dollar!M$1,Tabla1[],6,0)+0.5*VLOOKUP(Sens_hard_dollar!M$1,Tabla1[],7,0)*$B4*$B4)*Sens_hard_dollar!L$8 -> 12736.33 | N4: =(L4/L$8-1) -> 0.11706186 | O4: =O$8+P4 -> 131876.4 | P4: =(-$B4*VLOOKUP(Sens_hard_dollar!P$1,Tabla1[],6,0)+0.5*VLOOKUP(Sens_hard_dollar!P$1,Tabla1[],7,0)*$B4*$B4)*Sens_hard_dollar!O$8 -> 11126.4 | Q4: =(O4/O$8-1) -> 0.0921441
A5: -100 | B5: =A5/10000 -> -0.01 | C5: =C$8+D5 -> 86534.183 | D5: =(-$B5*VLOOKUP(Sens_hard_dollar!D$1,Tabla1[],6,0)+0.5*VLOOKUP(Sens_hard_dollar!D$1,Tabla1[],7,0)*$B5*$B5)*Sens_hard_dollar!C$8 -> 1674.1834 | E5: =(C5/C$8-1) -> 0.01972877 | F5: =F$8+G5 -> 121832.76 | G5: =(-$B5*VLOOKUP(Sens_hard_dollar!G$1,Tabla1[],6,0)+0.5*VLOOKUP(Sens_hard_dollar!G$1,Tabla1[],7,0)*$B5*$B5)*Sens_hard_dollar!F$8 -> 6272.7638 | H5: =(F5/F$8-1) -> 0.054281445 | I5: =I$8+J5 -> 83841.888 | J5: =(-$B5*VLOOKUP(Sens_hard_dollar!J$1,Tabla1[],6,0)+0.5*VLOOKUP(Sens_hard_dollar!J$1,Tabla1[],7,0)*$B5*$B5)*Sens_hard_dollar!I$8 -> 1261.8885 | K5: =(I5/I$8-1) -> 0.0152808 | L5: =L$8+M5 -> 115138.19 | M5: =(-$B5*VLOOKUP(Sens_hard_dollar!M$1,Tabla1[],6,0)+0.5*VLOOKUP(Sens_hard_dollar!M$1,Tabla1[],7,0)*$B5*$B5)*Sens_hard_dollar!L$8 -> 6338.1946 | N5: =(L5/L$8-1) -> 0.058255465 | O5: =O$8+P5 -> 126287.05 | P5: =(-$B5*VLOOKUP(Sens_hard_dollar!P$1,Tabla1[],6,0)+0.5*VLOOKUP(Sens_hard_dollar!P$1,Tabla1[],7,0)*$B5*$B5)*Sens_hard_dollar!O$8 -> 5537.0546 | Q5: =(O5/O$8-1) -> 0.045855525
A6: -50 | B6: =A6/10000 -> -0.005 | C6: =C$8+D6 -> 85695.102 | D6: =(-$B6*VLOOKUP(Sens_hard_dollar!D$1,Tabla1[],6,0)+0.5*VLOOKUP(Sens_hard_dollar!D$1,Tabla1[],7,0)*$B6*$B6)*Sens_hard_dollar!C$8 -> 835.10238 | E6: =(C6/C$8-1) -> 0.0098409425 | F6: =F$8+G6 -> 118688.97 | G6: =(-$B6*VLOOKUP(Sens_hard_dollar!G$1,Tabla1[],6,0)+0.5*VLOOKUP(Sens_hard_dollar!G$1,Tabla1[],7,0)*$B6*$B6)*Sens_hard_dollar!F$8 -> 3128.9732 | H6: =(F6/F$8-1) -> 0.027076611 | I6: =I$8+J6 -> 83209.441 | J6: =(-$B6*VLOOKUP(Sens_hard_dollar!J$1,Tabla1[],6,0)+0.5*VLOOKUP(Sens_hard_dollar!J$1,Tabla1[],7,0)*$B6*$B6)*Sens_hard_dollar!I$8 -> 629.44128 | K6: =(I6/I$8-1) -> 0.0076222 | L6: =L$8+M6 -> 111961.6 | M6: =(-$B6*VLOOKUP(Sens_hard_dollar!M$1,Tabla1[],6,0)+0.5*VLOOKUP(Sens_hard_dollar!M$1,Tabla1[],7,0)*$B6*$B6)*Sens_hard_dollar!L$8 -> 3161.6046 | N6: =(L6/L$8-1) -> 0.029058866 | O6: =O$8+P6 -> 123511.99 | P6: =(-$B6*VLOOKUP(Sens_hard_dollar!P$1,Tabla1[],6,0)+0.5*VLOOKUP(Sens_hard_dollar!P$1,Tabla1[],7,0)*$B6*$B6)*Sens_hard_dollar!O$8 -> 2761.991 | Q6: =(O6/O$8-1) -> 0.022873631
A7: -25 | B7: =A7/10000 -> -0.0025 | C7: =C$8+D7 -> 85277.054 | D7: =(-$B7*VLOOKUP(Sens_hard_dollar!D$1,Tabla1[],6,0)+0.5*VLOOKUP(Sens_hard_dollar!D$1,Tabla1[],7,0)*$B7*$B7)*Sens_hard_dollar!C$8 -> 417.05386 | E7: =(C7/C$8-1) -> 0.0049146106 | F7: =F$8+G7 -> 117122.63 | G7: =(-$B7*VLOOKUP(Sens_hard_dollar!G$1,Tabla1[],6,0)+0.5*VLOOKUP(Sens_hard_dollar!G$1,Tabla1[],7,0)*$B7*$B7)*Sens_hard_dollar!F$8 -> 1562.6344 | H7: =(F7/F$8-1) -> 0.013522278 | I7: =I$8+J7 -> 82894.345 | J7: =(-$B7*VLOOKUP(Sens_hard_dollar!J$1,Tabla1[],6,0)+0.5*VLOOKUP(Sens_hard_dollar!J$1,Tabla1[],7,0)*$B7*$B7)*Sens_hard_dollar!I$8 -> 314.3449 | K7: =(I7/I$8-1) -> 0.00380655 | L7: =L$8+M7 -> 110378.93 | M7: =(-$B7*VLOOKUP(Sens_hard_dollar!M$1,Tabla1[],6,0)+0.5*VLOOKUP(Sens_hard_dollar!M$1,Tabla1[],7,0)*$B7*$B7)*Sens_hard_dollar!L$8 -> 1578.9292 | N7: =(L7/L$8-1) -> 0.014512217 | O7: =O$8+P7 -> 122129.36 | P7: =(-$B7*VLOOKUP(Sens_hard_dollar!P$1,Tabla1[],6,0)+0.5*VLOOKUP(Sens_hard_dollar!P$1,Tabla1[],7,0)*$B7*$B7)*Sens_hard_dollar!O$8 -> 1379.3614 | Q7: =(O7/O$8-1) -> 0.011423283
A8: - | B8: 0 | C8: =VLOOKUP(Sens_hard_dollar!D1,Tabla1[],3,0) -> 84860 | D8: - | E8: - | F8: =VLOOKUP(Sens_hard_dollar!G1,Tabla1[],3,0) -> 115560 | G8: - | H8: - | I8: =VLOOKUP(Sens_hard_dollar!J1,Tabla1[],3,0) -> 82580 | J8: - | K8: - | L8: =VLOOKUP(Sens_hard_dollar!M1,Tabla1[],3,0) -> 108800 | M8: - | N8: - | O8: =VLOOKUP(Sens_hard_dollar!P1,Tabla1[],3,0) -> 120750 | P8: - | Q8: -
A9: 25 | B9: =A9/10000 -> 0.0025 | C9: =C$8+D9 -> 84443.941 | D9: =(-$B9*VLOOKUP(Sens_hard_dollar!D$1,Tabla1[],6,0)+0.5*VLOOKUP(Sens_hard_dollar!D$1,Tabla1[],7,0)*$B9*$B9)*Sens_hard_dollar!C$8 -> -416.05919 | E9: =(C9/C$8-1) -> -0.0049028894 | F9: =F$8+G9 -> 114001.07 | G9: =(-$B9*VLOOKUP(Sens_hard_dollar!G$1,Tabla1[],6,0)+0.5*VLOOKUP(Sens_hard_dollar!G$1,Tabla1[],7,0)*$B9*$B9)*Sens_hard_dollar!F$8 -> -1558.9301 | H9: =(F9/F$8-1) -> -0.013490222 | I9: =I$8+J9 -> 82266.407 | J9: =(-$B9*VLOOKUP(Sens_hard_dollar!J$1,Tabla1[],6,0)+0.5*VLOOKUP(Sens_hard_dollar!J$1,Tabla1[],7,0)*$B9*$B9)*Sens_hard_dollar!I$8 -> -313.59342 | K9: =(I9/I$8-1) -> -0.00379745 | L9: =L$8+M9 -> 107224.82 | M9: =(-$B9*VLOOKUP(Sens_hard_dollar!M$1,Tabla1[],6,0)+0.5*VLOOKUP(Sens_hard_dollar!M$1,Tabla1[],7,0)*$B9*$B9)*Sens_hard_dollar!L$8 -> -1575.1828 | N9: =(L9/L$8-1) -> -0.014477783 | O9: =O$8+P9 -> 119373.91 | P9: =(-$B9*VLOOKUP(Sens_hard_dollar!P$1,Tabla1[],6,0)+0.5*VLOOKUP(Sens_hard_dollar!P$1,Tabla1[],7,0)*$B9*$B9)*Sens_hard_dollar!O$8 -> -1376.0932 | Q9: =(O9/O$8-1) -> -0.011396217
A10: 50 | B10: =A10/10000 -> 0.005 | C10: =C$8+D10 -> 84028.876 | D10: =(-$B10*VLOOKUP(Sens_hard_dollar!D$1,Tabla1[],6,0)+0.5*VLOOKUP(Sens_hard_dollar!D$1,Tabla1[],7,0)*$B10*$B10)*Sens_hard_dollar!C$8 -> -831.12372 | E10: =(C10/C$8-1) -> -0.0097940575 | F10: =F$8+G10 -> 112445.84 | G10: =(-$B10*VLOOKUP(Sens_hard_dollar!G$1,Tabla1[],6,0)+0.5*VLOOKUP(Sens_hard_dollar!G$1,Tabla1[],7,0)*$B10*$B10)*Sens_hard_dollar!F$8 -> -3114.1558 | H10: =(F10/F$8-1) -> -0.026948389 | I10: =I$8+J10 -> 81953.565 | J10: =(-$B10*VLOOKUP(Sens_hard_dollar!J$1,Tabla1[],6,0)+0.5*VLOOKUP(Sens_hard_dollar!J$1,Tabla1[],7,0)*$B10*$B10)*Sens_hard_dollar!I$8 -> -626.43536 | K10: =(I10/I$8-1) -> -0.0075858 | L10: =L$8+M10 -> 105653.38 | M10: =(-$B10*VLOOKUP(Sens_hard_dollar!M$1,Tabla1[],6,0)+0.5*VLOOKUP(Sens_hard_dollar!M$1,Tabla1[],7,0)*$B10*$B10)*Sens_hard_dollar!L$8 -> -3146.6194 | N10: =(L10/L$8-1) -> -0.028921134 | O10: =O$8+P10 -> 118001.08 | P10: =(-$B10*VLOOKUP(Sens_hard_dollar!P$1,Tabla1[],6,0)+0.5*VLOOKUP(Sens_hard_dollar!P$1,Tabla1[],7,0)*$B10*$B10)*Sens_hard_dollar!O$8 -> -2748.9183 | Q10: =(O10/O$8-1) -> -0.022765369
A11: 100 | B11: =A11/10000 -> 0.01 | C11: =C$8+D11 -> 83201.731 | D11: =(-$B11*VLOOKUP(Sens_hard_dollar!D$1,Tabla1[],6,0)+0.5*VLOOKUP(Sens_hard_dollar!D$1,Tabla1[],7,0)*$B11*$B11)*Sens_hard_dollar!C$8 -> -1658.2688 | E11: =(C11/C$8-1) -> -0.01954123 | F11: =F$8+G11 -> 109346.51 | G11: =(-$B11*VLOOKUP(Sens_hard_dollar!G$1,Tabla1[],6,0)+0.5*VLOOKUP(Sens_hard_dollar!G$1,Tabla1[],7,0)*$B11*$B11)*Sens_hard_dollar!F$8 -> -6213.4942 | H11: =(F11/F$8-1) -> -0.053768555 | I11: =I$8+J11 -> 81330.135 | J11: =(-$B11*VLOOKUP(Sens_hard_dollar!J$1,Tabla1[],6,0)+0.5*VLOOKUP(Sens_hard_dollar!J$1,Tabla1[],7,0)*$B11*$B11)*Sens_hard_dollar!I$8 -> -1249.8648 | K11: =(I11/I$8-1) -> -0.0151352 | L11: =L$8+M11 -> 102521.75 | M11: =(-$B11*VLOOKUP(Sens_hard_dollar!M$1,Tabla1[],6,0)+0.5*VLOOKUP(Sens_hard_dollar!M$1,Tabla1[],7,0)*$B11*$B11)*Sens_hard_dollar!L$8 -> -6278.2534 | N11: =(L11/L$8-1) -> -0.057704535 | O11: =O$8+P11 -> 115265.24 | P11: =(-$B11*VLOOKUP(Sens_hard_dollar!P$1,Tabla1[],6,0)+0.5*VLOOKUP(Sens_hard_dollar!P$1,Tabla1[],7,0)*$B11*$B11)*Sens_hard_dollar!O$8 -> -5484.7639 | Q11: =(O11/O$8-1) -> -0.045422475
A12: 200 | B12: =A12/10000 -> 0.02 | C12: =C$8+D12 -> 81559.377 | D12: =(-$B12*VLOOKUP(Sens_hard_dollar!D$1,Tabla1[],6,0)+0.5*VLOOKUP(Sens_hard_dollar!D$1,Tabla1[],7,0)*$B12*$B12)*Sens_hard_dollar!C$8 -> -3300.6229 | E12: =(C12/C$8-1) -> -0.03889492 | F12: =F$8+G12 -> 103192.28 | G12: =(-$B12*VLOOKUP(Sens_hard_dollar!G$1,Tabla1[],6,0)+0.5*VLOOKUP(Sens_hard_dollar!G$1,Tabla1[],7,0)*$B12*$B12)*Sens_hard_dollar!F$8 -> -12367.719 | H12: =(F12/F$8-1) -> -0.10702422 | I12: =I$8+J12 -> 80092.294 | J12: =(-$B12*VLOOKUP(Sens_hard_dollar!J$1,Tabla1[],6,0)+0.5*VLOOKUP(Sens_hard_dollar!J$1,Tabla1[],7,0)*$B12*$B12)*Sens_hard_dollar!I$8 -> -2487.706 | K12: =(I12/I$8-1) -> -0.0301248 | L12: =L$8+M12 -> 96303.434 | M12: =(-$B12*VLOOKUP(Sens_hard_dollar!M$1,Tabla1[],6,0)+0.5*VLOOKUP(Sens_hard_dollar!M$1,Tabla1[],7,0)*$B12*$B12)*Sens_hard_dollar!L$8 -> -12496.566 | N12: =(L12/L$8-1) -> -0.11485814 | O12: =O$8+P12 -> 109832.76 | P12: =(-$B12*VLOOKUP(Sens_hard_dollar!P$1,Tabla1[],6,0)+0.5*VLOOKUP(Sens_hard_dollar!P$1,Tabla1[],7,0)*$B12*$B12)*Sens_hard_dollar!O$8 -> -10917.237 | Q12: =(O12/O$8-1) -> -0.0904119
A13: 300 | B13: =A13/10000 -> 0.03 | C13: =C$8+D13 -> 79932.938 | D13: =(-$B13*VLOOKUP(Sens_hard_dollar!D$1,Tabla1[],6,0)+0.5*VLOOKUP(Sens_hard_dollar!D$1,Tabla1[],7,0)*$B13*$B13)*Sens_hard_dollar!C$8 -> -4927.0624 | E13: =(C13/C$8-1) -> -0.05806107 | F13: =F$8+G13 -> 97097.326 | G13: =(-$B13*VLOOKUP(Sens_hard_dollar!G$1,Tabla1[],6,0)+0.5*VLOOKUP(Sens_hard_dollar!G$1,Tabla1[],7,0)*$B13*$B13)*Sens_hard_dollar!F$8 -> -18462.674 | H13: =(F13/F$8-1) -> -0.15976699 | I13: =I$8+J13 -> 78866.476 | J13: =(-$B13*VLOOKUP(Sens_hard_dollar!J$1,Tabla1[],6,0)+0.5*VLOOKUP(Sens_hard_dollar!J$1,Tabla1[],7,0)*$B13*$B13)*Sens_hard_dollar!I$8 -> -3713.5235 | K13: =(I13/I$8-1) -> -0.0449688 | L13: =L$8+M13 -> 90145.063 | M13: =(-$B13*VLOOKUP(Sens_hard_dollar!M$1,Tabla1[],6,0)+0.5*VLOOKUP(Sens_hard_dollar!M$1,Tabla1[],7,0)*$B13*$B13)*Sens_hard_dollar!L$8 -> -18654.937 | N13: =(L13/L$8-1) -> -0.17146081 | O13: =O$8+P13 -> 104452.58 | P13: =(-$B13*VLOOKUP(Sens_hard_dollar!P$1,Tabla1[],6,0)+0.5*VLOOKUP(Sens_hard_dollar!P$1,Tabla1[],7,0)*$B13*$B13)*Sens_hard_dollar!O$8 -> -16297.419 | Q13: =(O13/O$8-1) -> -0.13496827

Sheet Sens_dollar_linked
D1: TZV27 | G1: TZV28 | J1: TZVD8 | M1: D15E7 | P1: D31M7
A2: Shock (bps) | B2: diferencial y | C2: Precio | D2: Variacion (ARS) | E2: Variacion (%) | F2: Precio | G2: Variacion (ARS) | H2: Variacion (%) | I2: Precio | J2: Variacion (ARS) | K2: Variacion (%) | L2: Precio | M2: Variacion (ARS) | N2: Variacion (%) | O2: Precio | P2: Variacion (ARS) | Q2: Variacion (%)
A3: -300 | B3: =A3/10000 -> -0.03 | C3: =C$8+D3 -> 89930.294 | D3: =(-$B3*VLOOKUP(Sens_hard_dollar!D$1,Tabla1[],6,0)+0.5*VLOOKUP(Sens_hard_dollar!D$1,Tabla1[],7,0)*$B3*$B3)*Sens_hard_dollar!C$8 -> 5070.2942 | E3: =(C3/C$8-1) -> 0.05974893 | F3: =F$8+G3 -> 134556.1 | G3: =(-$B3*VLOOKUP(Sens_hard_dollar!G$1,Tabla1[],6,0)+0.5*VLOOKUP(Sens_hard_dollar!G$1,Tabla1[],7,0)*$B3*$B3)*Sens_hard_dollar!F$8 -> 18996.1 | H3: =(F3/F$8-1) -> 0.16438301 | I3: =I$8+J3 -> 86401.736 | J3: =(-$B3*VLOOKUP(Sens_hard_dollar!J$1,Tabla1[],6,0)+0.5*VLOOKUP(Sens_hard_dollar!J$1,Tabla1[],7,0)*$B3*$B3)*Sens_hard_dollar!I$8 -> 3821.7363 | K3: =(I3/I$8-1) -> 0.0462792 | L3: =L$8+M3 -> 127994.41 | M3: =(-$B3*VLOOKUP(Sens_hard_dollar!M$1,Tabla1[],6,0)+0.5*VLOOKUP(Sens_hard_dollar!M$1,Tabla1[],7,0)*$B3*$B3)*Sens_hard_dollar!L$8 -> 19194.407 | N3: =(L3/L$8-1) -> 0.17641919 | O3: =O$8+P3 -> 137518.04 | P3: =(-$B3*VLOOKUP(Sens_hard_dollar!P$1,Tabla1[],6,0)+0.5*VLOOKUP(Sens_hard_dollar!P$1,Tabla1[],7,0)*$B3*$B3)*Sens_hard_dollar!O$8 -> 16768.036 | Q3: =(O3/O$8-1) -> 0.13886572
A4: -200 | B4: =A4/10000 -> -0.02 | C4: =C$8+D4 -> 88224.281 | D4: =(-$B4*VLOOKUP(Sens_hard_dollar!D$1,Tabla1[],6,0)+0.5*VLOOKUP(Sens_hard_dollar!D$1,Tabla1[],7,0)*$B4*$B4)*Sens_hard_dollar!C$8 -> 3364.2815 | E4: =(C4/C$8-1) -> 0.03964508 | F4: =F$8+G4 -> 128164.8 | G4: =(-$B4*VLOOKUP(Sens_hard_dollar!G$1,Tabla1[],6,0)+0.5*VLOOKUP(Sens_hard_dollar!G$1,Tabla1[],7,0)*$B4*$B4)*Sens_hard_dollar!F$8 -> 12604.797 | H4: =(F4/F$8-1) -> 0.10907578 | I4: =I$8+J4 -> 85115.801 | J4: =(-$B4*VLOOKUP(Sens_hard_dollar!J$1,Tabla1[],6,0)+0.5*VLOOKUP(Sens_hard_dollar!J$1,Tabla1[],7,0)*$B4*$B4)*Sens_hard_dollar!I$8 -> 2535.8006 | K4: =(I4/I$8-1) -> 0.0307072 | L4: =L$8+M4 -> 121536.33 | M4: =(-$B4*VLOOKUP(Sens_hard_dollar!M$1,Tabla1[],6,0)+0.5*VLOOKUP(Sens_hard_dollar!M$1,Tabla1[],7,0)*$B4*$B4)*Sens_hard_dollar!L$8 -> 12736.33 | N4: =(L4/L$8-1) -> 0.11706186 | O4: =O$8+P4 -> 131876.4 | P4: =(-$B4*VLOOKUP(Sens_hard_dollar!P$1,Tabla1[],6,0)+0.5*VLOOKUP(Sens_hard_dollar!P$1,Tabla1[],7,0)*$B4*$B4)*Sens_hard_dollar!O$8 -> 11126.4 | Q4: =(O4/O$8-1) -> 0.0921441
A5: -100 | B5: =A5/10000 -> -0.01 | C5: =C$8+D5 -> 86534.183 | D5: =(-$B5*VLOOKUP(Sens_hard_dollar!D$1,Tabla1[],6,0)+0.5*VLOOKUP(Sens_hard_dollar!D$1,Tabla1[],7,0)*$B5*$B5)*Sens_hard_dollar!C$8 -> 1674.1834 | E5: =(C5/C$8-1) -> 0.01972877 | F5: =F$8+G5 -> 121832.76 | G5: =(-$B5*VLOOKUP(Sens_hard_dollar!G$1,Tabla1[],6,0)+0.5*VLOOKUP(Sens_hard_dollar!G$1,Tabla1[],7,0)*$B5*$B5)*Sens_hard_dollar!F$8 -> 6272.7638 | H5: =(F5/F$8-1) -> 0.054281445 | I5: =I$8+J5 -> 83841.888 | J5: =(-$B5*VLOOKUP(Sens_hard_dollar!J$1,Tabla1[],6,0)+0.5*VLOOKUP(Sens_hard_dollar!J$1,Tabla1[],7,0)*$B5*$B5)*Sens_hard_dollar!I$8 -> 1261.8885 | K5: =(I5/I$8-1) -> 0.0152808 | L5: =L$8+M5 -> 115138.19 | M5: =(-$B5*VLOOKUP(Sens_hard_dollar!M$1,Tabla1[],6,0)+0.5*VLOOKUP(Sens_hard_dollar!M$1,Tabla1[],7,0)*$B5*$B5)*Sens_hard_dollar!L$8 -> 6338.1946 | N5: =(L5/L$8-1) -> 0.058255465 | O5: =O$8+P5 -> 126287.05 | P5: =(-$B5*VLOOKUP(Sens_hard_dollar!P$1,Tabla1[],6,0)+0.5*VLOOKUP(Sens_hard_dollar!P$1,Tabla1[],7,0)*$B5*$B5)*Sens_hard_dollar!O$8 -> 5537.0546 | Q5: =(O5/O$8-1) -> 0.045855525
A6: -50 | B6: =A6/10000 -> -0.005 | C6: =C$8+D6 -> 85695.102 | D6: =(-$B6*VLOOKUP(Sens_hard_dollar!D$1,Tabla1[],6,0)+0.5*VLOOKUP(Sens_hard_dollar!D$1,Tabla1[],7,0)*$B6*$B6)*Sens_hard_dollar!C$8 -> 835.10238 | E6: =(C6/C$8-1) -> 0.0098409425 | F6: =F$8+G6 -> 118688.97 | G6: =(-$B6*VLOOKUP(Sens_hard_dollar!G$1,Tabla1[],6,0)+0.5*VLOOKUP(Sens_hard_dollar!G$1,Tabla1[],7,0)*$B6*$B6)*Sens_hard_dollar!F$8 -> 3128.9732 | H6: =(F6/F$8-1) -> 0.027076611 | I6: =I$8+J6 -> 83209.441 | J6: =(-$B6*VLOOKUP(Sens_hard_dollar!J$1,Tabla1[],6,0)+0.5*VLOOKUP(Sens_hard_dollar!J$1,Tabla1[],7,0)*$B6*$B6)*Sens_hard_dollar!I$8 -> 629.44128 | K6: =(I6/I$8-1) -> 0.0076222 | L6: =L$8+M6 -> 111961.6 | M6: =(-$B6*VLOOKUP(Sens_hard_dollar!M$1,Tabla1[],6,0)+0.5*VLOOKUP(Sens_hard_dollar!M$1,Tabla1[],7,0)*$B6*$B6)*Sens_hard_dollar!L$8 -> 3161.6046 | N6: =(L6/L$8-1) -> 0.029058866 | O6: =O$8+P6 -> 123511.99 | P6: =(-$B6*VLOOKUP(Sens_hard_dollar!P$1,Tabla1[],6,0)+0.5*VLOOKUP(Sens_hard_dollar!P$1,Tabla1[],7,0)*$B6*$B6)*Sens_hard_dollar!O$8 -> 2761.991 | Q6: =(O6/O$8-1) -> 0.022873631
A7: -25 | B7: =A7/10000 -> -0.0025 | C7: =C$8+D7 -> 85277.054 | D7: =(-$B7*VLOOKUP(Sens_hard_dollar!D$1,Tabla1[],6,0)+0.5*VLOOKUP(Sens_hard_dollar!D$1,Tabla1[],7,0)*$B7*$B7)*Sens_hard_dollar!C$8 -> 417.05386 | E7: =(C7/C$8-1) -> 0.0049146106 | F7: =F$8+G7 -> 117122.63 | G7: =(-$B7*VLOOKUP(Sens_hard_dollar!G$1,Tabla1[],6,0)+0.5*VLOOKUP(Sens_hard_dollar!G$1,Tabla1[],7,0)*$B7*$B7)*Sens_hard_dollar!F$8 -> 1562.6344 | H7: =(F7/F$8-1) -> 0.013522278 | I7: =I$8+J7 -> 82894.345 | J7: =(-$B7*VLOOKUP(Sens_hard_dollar!J$1,Tabla1[],6,0)+0.5*VLOOKUP(Sens_hard_dollar!J$1,Tabla1[],7,0)*$B7*$B7)*Sens_hard_dollar!I$8 -> 314.3449 | K7: =(I7/I$8-1) -> 0.00380655 | L7: =L$8+M7 -> 110378.93 | M7: =(-$B7*VLOOKUP(Sens_hard_dollar!M$1,Tabla1[],6,0)+0.5*VLOOKUP(Sens_hard_dollar!M$1,Tabla1[],7,0)*$B7*$B7)*Sens_hard_dollar!L$8 -> 1578.9292 | N7: =(L7/L$8-1) -> 0.014512217 | O7: =O$8+P7 -> 122129.36 | P7: =(-$B7*VLOOKUP(Sens_hard_dollar!P$1,Tabla1[],6,0)+0.5*VLOOKUP(Sens_hard_dollar!P$1,Tabla1[],7,0)*$B7*$B7)*Sens_hard_dollar!O$8 -> 1379.3614 | Q7: =(O7/O$8-1) -> 0.011423283
A8: - | B8: 0 | C8: =VLOOKUP(Sens_hard_dollar!D1,Tabla1[],3,0) -> 84860 | D8: - | E8: - | F8: =VLOOKUP(Sens_hard_dollar!G1,Tabla1[],3,0) -> 115560 | G8: - | H8: - | I8: =VLOOKUP(Sens_hard_dollar!J1,Tabla1[],3,0) -> 82580 | J8: - | K8: - | L8: =VLOOKUP(Sens_hard_dollar!M1,Tabla1[],3,0) -> 108800 | M8: - | N8: - | O8: =VLOOKUP(Sens_hard_dollar!P1,Tabla1[],3,0) -> 120750 | P8: - | Q8: -
A9: 25 | B9: =A9/10000 -> 0.0025 | C9: =C$8+D9 -> 84443.941 | D9: =(-$B9*VLOOKUP(Sens_hard_dollar!D$1,Tabla1[],6,0)+0.5*VLOOKUP(Sens_hard_dollar!D$1,Tabla1[],7,0)*$B9*$B9)*Sens_hard_dollar!C$8 -> -416.05919 | E9: =(C9/C$8-1) -> -0.0049028894 | F9: =F$8+G9 -> 114001.07 | G9: =(-$B9*VLOOKUP(Sens_hard_dollar!G$1,Tabla1[],6,0)+0.5*VLOOKUP(Sens_hard_dollar!G$1,Tabla1[],7,0)*$B9*$B9)*Sens_hard_dollar!F$8 -> -1558.9301 | H9: =(F9/F$8-1) -> -0.013490222 | I9: =I$8+J9 -> 82266.407 | J9: =(-$B9*VLOOKUP(Sens_hard_dollar!J$1,Tabla1[],6,0)+0.5*VLOOKUP(Sens_hard_dollar!J$1,Tabla1[],7,0)*$B9*$B9)*Sens_hard_dollar!I$8 -> -313.59342 | K9: =(I9/I$8-1) -> -0.00379745 | L9: =L$8+M9 -> 107224.82 | M9: =(-$B9*VLOOKUP(Sens_hard_dollar!M$1,Tabla1[],6,0)+0.5*VLOOKUP(Sens_hard_dollar!M$1,Tabla1[],7,0)*$B9*$B9)*Sens_hard_dollar!L$8 -> -1575.1828 | N9: =(L9/L$8-1) -> -0.014477783 | O9: =O$8+P9 -> 119373.91 | P9: =(-$B9*VLOOKUP(Sens_hard_dollar!P$1,Tabla1[],6,0)+0.5*VLOOKUP(Sens_hard_dollar!P$1,Tabla1[],7,0)*$B9*$B9)*Sens_hard_dollar!O$8 -> -1376.0932 | Q9: =(O9/O$8-1) -> -0.011396217
A10: 50 | B10: =A10/10000 -> 0.005 | C10: =C$8+D10 -> 84028.876 | D10: =(-$B10*VLOOKUP(Sens_hard_dollar!D$1,Tabla1[],6,0)+0.5*VLOOKUP(Sens_hard_dollar!D$1,Tabla1[],7,0)*$B10*$B10)*Sens_hard_dollar!C$8 -> -831.12372 | E10: =(C10/C$8-1) -> -0.0097940575 | F10: =F$8+G10 -> 112445.84 | G10: =(-$B10*VLOOKUP(Sens_hard_dollar!G$1,Tabla1[],6,0)+0.5*VLOOKUP(Sens_hard_dollar!G$1,Tabla1[],7,0)*$B10*$B10)*Sens_hard_dollar!F$8 -> -3114.1558 | H10: =(F10/F$8-1) -> -0.026948389 | I10: =I$8+J10 -> 81953.565 | J10: =(-$B10*VLOOKUP(Sens_hard_dollar!J$1,Tabla1[],6,0)+0.5*VLOOKUP(Sens_hard_dollar!J$1,Tabla1[],7,0)*$B10*$B10)*Sens_hard_dollar!I$8 -> -626.43536 | K10: =(I10/I$8-1) -> -0.0075858 | L10: =L$8+M10 -> 105653.38 | M10: =(-$B10*VLOOKUP(Sens_hard_dollar!M$1,Tabla1[],6,0)+0.5*VLOOKUP(Sens_hard_dollar!M$1,Tabla1[],7,0)*$B10*$B10)*Sens_hard_dollar!L$8 -> -3146.6194 | N10: =(L10/L$8-1) -> -0.028921134 | O10: =O$8+P10 -> 118001.08 | P10: =(-$B10*VLOOKUP(Sens_hard_dollar!P$1,Tabla1[],6,0)+0.5*VLOOKUP(Sens_hard_dollar!P$1,Tabla1[],7,0)*$B10*$B10)*Sens_hard_dollar!O$8 -> -2748.9183 | Q10: =(O10/O$8-1) -> -0.022765369
A11: 100 | B11: =A11/10000 -> 0.01 | C11: =C$8+D11 -> 83201.731 | D11: =(-$B11*VLOOKUP(Sens_hard_dollar!D$1,Tabla1[],6,0)+0.5*VLOOKUP(Sens_hard_dollar!D$1,Tabla1[],7,0)*$B11*$B11)*Sens_hard_dollar!C$8 -> -1658.2688 | E11: =(C11/C$8-1) -> -0.01954123 | F11: =F$8+G11 -> 109346.51 | G11: =(-$B11*VLOOKUP(Sens_hard_dollar!G$1,Tabla1[],6,0)+0.5*VLOOKUP(Sens_hard_dollar!G$1,Tabla1[],7,0)*$B11*$B11)*Sens_hard_dollar!F$8 -> -6213.4942 | H11: =(F11/F$8-1) -> -0.053768555 | I11: =I$8+J11 -> 81330.135 | J11: =(-$B11*VLOOKUP(Sens_hard_dollar!J$1,Tabla1[],6,0)+0.5*VLOOKUP(Sens_hard_dollar!J$1,Tabla1[],7,0)*$B11*$B11)*Sens_hard_dollar!I$8 -> -1249.8648 | K11: =(I11/I$8-1) -> -0.0151352 | L11: =L$8+M11 -> 102521.75 | M11: =(-$B11*VLOOKUP(Sens_hard_dollar!M$1,Tabla1[],6,0)+0.5*VLOOKUP(Sens_hard_dollar!M$1,Tabla1[],7,0)*$B11*$B11)*Sens_hard_dollar!L$8 -> -6278.2534 | N11: =(L11/L$8-1) -> -0.057704535 | O11: =O$8+P11 -> 115265.24 | P11: =(-$B11*VLOOKUP(Sens_hard_dollar!P$1,Tabla1[],6,0)+0.5*VLOOKUP(Sens_hard_dollar!P$1,Tabla1[],7,0)*$B11*$B11)*Sens_hard_dollar!O$8 -> -5484.7639 | Q11: =(O11/O$8-1) -> -0.045422475
A12: 200 | B12: =A12/10000 -> 0.02 | C12: =C$8+D12 -> 81559.377 | D12: =(-$B12*VLOOKUP(Sens_hard_dollar!D$1,Tabla1[],6,0)+0.5*VLOOKUP(Sens_hard_dollar!D$1,Tabla1[],7,0)*$B12*$B12)*Sens_hard_dollar!C$8 -> -3300.6229 | E12: =(C12/C$8-1) -> -0.03889492 | F12: =F$8+G12 -> 103192.28 | G12: =(-$B12*VLOOKUP(Sens_hard_dollar!G$1,Tabla1[],6,0)+0.5*VLOOKUP(Sens_hard_dollar!G$1,Tabla1[],7,0)*$B12*$B12)*Sens_hard_dollar!F$8 -> -12367.719 | H12: =(F12/F$8-1) -> -0.10702422 | I12: =I$8+J12 -> 80092.294 | J12: =(-$B12*VLOOKUP(Sens_hard_dollar!J$1,Tabla1[],6,0)+0.5*VLOOKUP(Sens_hard_dollar!J$1,Tabla1[],7,0)*$B12*$B12)*Sens_hard_dollar!I$8 -> -2487.706 | K12: =(I12/I$8-1) -> -0.0301248 | L12: =L$8+M12 -> 96303.434 | M12: =(-$B12*VLOOKUP(Sens_hard_dollar!M$1,Tabla1[],6,0)+0.5*VLOOKUP(Sens_hard_dollar!M$1,Tabla1[],7,0)*$B12*$B12)*Sens_hard_dollar!L$8 -> -12496.566 | N12: =(L12/L$8-1) -> -0.11485814 | O12: =O$8+P12 -> 109832.76 | P12: =(-$B12*VLOOKUP(Sens_hard_dollar!P$1,Tabla1[],6,0)+0.5*VLOOKUP(Sens_hard_dollar!P$1,Tabla1[],7,0)*$B12*$B12)*Sens_hard_dollar!O$8 -> -10917.237 | Q12: =(O12/O$8-1) -> -0.0904119
A13: 300 | B13: =A13/10000 -> 0.03 | C13: =C$8+D13 -> 79932.938 | D13: =(-$B13*VLOOKUP(Sens_hard_dollar!D$1,Tabla1[],6,0)+0.5*VLOOKUP(Sens_hard_dollar!D$1,Tabla1[],7,0)*$B13*$B13)*Sens_hard_dollar!C$8 -> -4927.0624 | E13: =(C13/C$8-1) -> -0.05806107 | F13: =F$8+G13 -> 97097.326 | G13: =(-$B13*VLOOKUP(Sens_hard_dollar!G$1,Tabla1[],6,0)+0.5*VLOOKUP(Sens_hard_dollar!G$1,Tabla1[],7,0)*$B13*$B13)*Sens_hard_dollar!F$8 -> -18462.674 | H13: =(F13/F$8-1) -> -0.15976699 | I13: =I$8+J13 -> 78866.476 | J13: =(-$B13*VLOOKUP(Sens_hard_dollar!J$1,Tabla1[],6,0)+0.5*VLOOKUP(Sens_hard_dollar!J$1,Tabla1[],7,0)*$B13*$B13)*Sens_hard_dollar!I$8 -> -3713.5235 | K13: =(I13/I$8-1) -> -0.0449688 | L13: =L$8+M13 -> 90145.063 | M13: =(-$B13*VLOOKUP(Sens_hard_dollar!M$1,Tabla1[],6,0)+0.5*VLOOKUP(Sens_hard_dollar!M$1,Tabla1[],7,0)*$B13*$B13)*Sens_hard_dollar!L$8 -> -18654.937 | N13: =(L13/L$8-1) -> -0.17146081 | O13: =O$8+P13 -> 104452.58 | P13: =(-$B13*VLOOKUP(Sens_hard_dollar!P$1,Tabla1[],6,0)+0.5*VLOOKUP(Sens_hard_dollar!P$1,Tabla1[],7,0)*$B13*$B13)*Sens_hard_dollar!O$8 -> -16297.419 | Q13: =(O13/O$8-1) -> -0.13496827

Sheet Sens_CER
D1: TX26 | G1: TX28 | J1: TZX27 | M1: TZX28
A2: Shock (bps) | B2: diferencial y | C2: Precio | D2: Variacion (ARS) | E2: Variacion (%) | F2: Precio | G2: Variacion (ARS) | H2: Variacion (%) | I2: Precio | J2: Variacion (ARS) | K2: Variacion (%) | L2: Precio | M2: Variacion (ARS) | N2: Variacion (%)
A3: -300 | B3: =A3/10000 -> -0.03 | C3: =C$8+D3 -> 89930.294 | D3: =(-$B3*VLOOKUP(Sens_hard_dollar!D$1,Tabla1[],6,0)+0.5*VLOOKUP(Sens_hard_dollar!D$1,Tabla1[],7,0)*$B3*$B3)*Sens_hard_dollar!C$8 -> 5070.2942 | E3: =(C3/C$8-1) -> 0.05974893 | F3: =F$8+G3 -> 134556.1 | G3: =(-$B3*VLOOKUP(Sens_hard_dollar!G$1,Tabla1[],6,0)+0.5*VLOOKUP(Sens_hard_dollar!G$1,Tabla1[],7,0)*$B3*$B3)*Sens_hard_dollar!F$8 -> 18996.1 | H3: =(F3/F$8-1) -> 0.16438301 | I3: =I$8+J3 -> 86401.736 | J3: =(-$B3*VLOOKUP(Sens_hard_dollar!J$1,Tabla1[],6,0)+0.5*VLOOKUP(Sens_hard_dollar!J$1,Tabla1[],7,0)*$B3*$B3)*Sens_hard_dollar!I$8 -> 3821.7363 | K3: =(I3/I$8-1) -> 0.0462792 | L3: =L$8+M3 -> 127994.41 | M3: =(-$B3*VLOOKUP(Sens_hard_dollar!M$1,Tabla1[],6,0)+0.5*VLOOKUP(Sens_hard_dollar!M$1,Tabla1[],7,0)*$B3*$B3)*Sens_hard_dollar!L$8 -> 19194.407 | N3: =(L3/L$8-1) -> 0.17641919
A4: -200 | B4: =A4/10000 -> -0.02 | C4: =C$8+D4 -> 88224.281 | D4: =(-$B4*VLOOKUP(Sens_hard_dollar!D$1,Tabla1[],6,0)+0.5*VLOOKUP(Sens_hard_dollar!D$1,Tabla1[],7,0)*$B4*$B4)*Sens_hard_dollar!C$8 -> 3364.2815 | E4: =(C4/C$8-1) -> 0.03964508 | F4: =F$8+G4 -> 128164.8 | G4: =(-$B4*VLOOKUP(Sens_hard_dollar!G$1,Tabla1[],6,0)+0.5*VLOOKUP(Sens_hard_dollar!G$1,Tabla1[],7,0)*$B4*$B4)*Sens_hard_dollar!F$8 -> 12604.797 | H4: =(F4/F$8-1) -> 0.10907578 | I4: =I$8+J4 -> 85115.801 | J4: =(-$B4*VLOOKUP(Sens_hard_dollar!J$1,Tabla1[],6,0)+0.5*VLOOKUP(Sens_hard_dollar!J$1,Tabla1[],7,0)*$B4*$B4)*Sens_hard_dollar!I$8 -> 2535.8006 | K4: =(I4/I$8-1) -> 0.0307072 | L4: =L$8+M4 -> 121536.33 | M4: =(-$B4*VLOOKUP(Sens_hard_dollar!M$1,Tabla1[],6,0)+0.5*VLOOKUP(Sens_hard_dollar!M$1,Tabla1[],7,0)*$B4*$B4)*Sens_hard_dollar!L$8 -> 12736.33 | N4: =(L4/L$8-1) -> 0.11706186
A5: -100 | B5: =A5/10000 -> -0.01 | C5: =C$8+D5 -> 86534.183 | D5: =(-$B5*VLOOKUP(Sens_hard_dollar!D$1,Tabla1[],6,0)+0.5*VLOOKUP(Sens_hard_dollar!D$1,Tabla1[],7,0)*$B5*$B5)*Sens_hard_dollar!C$8 -> 1674.1834 | E5: =(C5/C$8-1) -> 0.01972877 | F5: =F$8+G5 -> 121832.76 | G5: =(-$B5*VLOOKUP(Sens_hard_dollar!G$1,Tabla1[],6,0)+0.5*VLOOKUP(Sens_hard_dollar!G$1,Tabla1[],7,0)*$B5*$B5)*Sens_hard_dollar!F$8 -> 6272.7638 | H5: =(F5/F$8-1) -> 0.054281445 | I5: =I$8+J5 -> 83841.888 | J5: =(-$B5*VLOOKUP(Sens_hard_dollar!J$1,Tabla1[],6,0)+0.5*VLOOKUP(Sens_hard_dollar!J$1,Tabla1[],7,0)*$B5*$B5)*Sens_hard_dollar!I$8 -> 1261.8885 | K5: =(I5/I$8-1) -> 0.0152808 | L5: =L$8+M5 -> 115138.19 | M5: =(-$B5*VLOOKUP(Sens_hard_dollar!M$1,Tabla1[],6,0)+0.5*VLOOKUP(Sens_hard_dollar!M$1,Tabla1[],7,0)*$B5*$B5)*Sens_hard_dollar!L$8 -> 6338.1946 | N5: =(L5/L$8-1) -> 0.058255465
A6: -50 | B6: =A6/10000 -> -0.005 | C6: =C$8+D6 -> 85695.102 | D6: =(-$B6*VLOOKUP(Sens_hard_dollar!D$1,Tabla1[],6,0)+0.5*VLOOKUP(Sens_hard_dollar!D$1,Tabla1[],7,0)*$B6*$B6)*Sens_hard_dollar!C$8 -> 835.10238 | E6: =(C6/C$8-1) -> 0.0098409425 | F6: =F$8+G6 -> 118688.97 | G6: =(-$B6*VLOOKUP(Sens_hard_dollar!G$1,Tabla1[],6,0)+0.5*VLOOKUP(Sens_hard_dollar!G$1,Tabla1[],7,0)*$B6*$B6)*Sens_hard_dollar!F$8 -> 3128.9732 | H6: =(F6/F$8-1) -> 0.027076611 | I6: =I$8+J6 -> 83209.441 | J6: =(-$B6*VLOOKUP(Sens_hard_dollar!J$1,Tabla1[],6,0)+0.5*VLOOKUP(Sens_hard_dollar!J$1,Tabla1[],7,0)*$B6*$B6)*Sens_hard_dollar!I$8 -> 629.44128 | K6: =(I6/I$8-1) -> 0.0076222 | L6: =L$8+M6 -> 111961.6 | M6: =(-$B6*VLOOKUP(Sens_hard_dollar!M$1,Tabla1[],6,0)+0.5*VLOOKUP(Sens_hard_dollar!M$1,Tabla1[],7,0)*$B6*$B6)*Sens_hard_dollar!L$8 -> 3161.6046 | N6: =(L6/L$8-1) -> 0.029058866
A7: -25 | B7: =A7/10000 -> -0.0025 | C7: =C$8+D7 -> 85277.054 | D7: =(-$B7*VLOOKUP(Sens_hard_dollar!D$1,Tabla1[],6,0)+0.5*VLOOKUP(Sens_hard_dollar!D$1,Tabla1[],7,0)*$B7*$B7)*Sens_hard_dollar!C$8 -> 417.05386 | E7: =(C7/C$8-1) -> 0.0049146106 | F7: =F$8+G7 -> 117122.63 | G7: =(-$B7*VLOOKUP(Sens_hard_dollar!G$1,Tabla1[],6,0)+0.5*VLOOKUP(Sens_hard_dollar!G$1,Tabla1[],7,0)*$B7*$B7)*Sens_hard_dollar!F$8 -> 1562.6344 | H7: =(F7/F$8-1) -> 0.013522278 | I7: =I$8+J7 -> 82894.345 | J7: =(-$B7*VLOOKUP(Sens_hard_dollar!J$1,Tabla1[],6,0)+0.5*VLOOKUP(Sens_hard_dollar!J$1,Tabla1[],7,0)*$B7*$B7)*Sens_hard_dollar!I$8 -> 314.3449 | K7: =(I7/I$8-1) -> 0.00380655 | L7: =L$8+M7 -> 110378.93 | M7: =(-$B7*VLOOKUP(Sens_hard_dollar!M$1,Tabla1[],6,0)+0.5*VLOOKUP(Sens_hard_dollar!M$1,Tabla1[],7,0)*$B7*$B7)*Sens_hard_dollar!L$8 -> 1578.9292 | N7: =(L7/L$8-1) -> 0.014512217
A8: - | B8: 0 | C8: =VLOOKUP(Sens_hard_dollar!D1,Tabla1[],3,0) -> 84860 | D8: - | E8: - | F8: =VLOOKUP(Sens_hard_dollar!G1,Tabla1[],3,0) -> 115560 | G8: - | H8: - | I8: =VLOOKUP(Sens_hard_dollar!J1,Tabla1[],3,0) -> 82580 | J8: - | K8: - | L8: =VLOOKUP(Sens_hard_dollar!M1,Tabla1[],3,0) -> 108800 | M8: - | N8: -
A9: 25 | B9: =A9/10000 -> 0.0025 | C9: =C$8+D9 -> 84443.941 | D9: =(-$B9*VLOOKUP(Sens_hard_dollar!D$1,Tabla1[],6,0)+0.5*VLOOKUP(Sens_hard_dollar!D$1,Tabla1[],7,0)*$B9*$B9)*Sens_hard_dollar!C$8 -> -416.05919 | E9: =(C9/C$8-1) -> -0.0049028894 | F9: =F$8+G9 -> 114001.07 | G9: =(-$B9*VLOOKUP(Sens_hard_dollar!G$1,Tabla1[],6,0)+0.5*VLOOKUP(Sens_hard_dollar!G$1,Tabla1[],7,0)*$B9*$B9)*Sens_hard_dollar!F$8 -> -1558.9301 | H9: =(F9/F$8-1) -> -0.013490222 | I9: =I$8+J9 -> 82266.407 | J9: =(-$B9*VLOOKUP(Sens_hard_dollar!J$1,Tabla1[],6,0)+0.5*VLOOKUP(Sens_hard_dollar!J$1,Tabla1[],7,0)*$B9*$B9)*Sens_hard_dollar!I$8 -> -313.59342 | K9: =(I9/I$8-1) -> -0.00379745 | L9: =L$8+M9 -> 107224.82 | M9: =(-$B9*VLOOKUP(Sens_hard_dollar!M$1,Tabla1[],6,0)+0.5*VLOOKUP(Sens_hard_dollar!M$1,Tabla1[],7,0)*$B9*$B9)*Sens_hard_dollar!L$8 -> -1575.1828 | N9: =(L9/L$8-1) -> -0.014477783
A10: 50 | B10: =A10/10000 -> 0.005 | C10: =C$8+D10 -> 84028.876 | D10: =(-$B10*VLOOKUP(Sens_hard_dollar!D$1,Tabla1[],6,0)+0.5*VLOOKUP(Sens_hard_dollar!D$1,Tabla1[],7,0)*$B10*$B10)*Sens_hard_dollar!C$8 -> -831.12372 | E10: =(C10/C$8-1) -> -0.0097940575 | F10: =F$8+G10 -> 112445.84 | G10: =(-$B10*VLOOKUP(Sens_hard_dollar!G$1,Tabla1[],6,0)+0.5*VLOOKUP(Sens_hard_dollar!G$1,Tabla1[],7,0)*$B10*$B10)*Sens_hard_dollar!F$8 -> -3114.1558 | H10: =(F10/F$8-1) -> -0.026948389 | I10: =I$8+J10 -> 81953.565 | J10: =(-$B10*VLOOKUP(Sens_hard_dollar!J$1,Tabla1[],6,0)+0.5*VLOOKUP(Sens_hard_dollar!J$1,Tabla1[],7,0)*$B10*$B10)*Sens_hard_dollar!I$8 -> -626.43536 | K10: =(I10/I$8-1) -> -0.0075858 | L10: =L$8+M10 -> 105653.38 | M10: =(-$B10*VLOOKUP(Sens_hard_dollar!M$1,Tabla1[],6,0)+0.5*VLOOKUP(Sens_hard_dollar!M$1,Tabla1[],7,0)*$B10*$B10)*Sens_hard_dollar!L$8 -> -3146.6194 | N10: =(L10/L$8-1) -> -0.028921134
A11: 100 | B11: =A11/10000 -> 0.01 | C11: =C$8+D11 -> 83201.731 | D11: =(-$B11*VLOOKUP(Sens_hard_dollar!D$1,Tabla1[],6,0)+0.5*VLOOKUP(Sens_hard_dollar!D$1,Tabla1[],7,0)*$B11*$B11)*Sens_hard_dollar!C$8 -> -1658.2688 | E11: =(C11/C$8-1) -> -0.01954123 | F11: =F$8+G11 -> 109346.51 | G11: =(-$B11*VLOOKUP(Sens_hard_dollar!G$1,Tabla1[],6,0)+0.5*VLOOKUP(Sens_hard_dollar!G$1,Tabla1[],7,0)*$B11*$B11)*Sens_hard_dollar!F$8 -> -6213.4942 | H11: =(F11/F$8-1) -> -0.053768555 | I11: =I$8+J11 -> 81330.135 | J11: =(-$B11*VLOOKUP(Sens_hard_dollar!J$1,Tabla1[],6,0)+0.5*VLOOKUP(Sens_hard_dollar!J$1,Tabla1[],7,0)*$B11*$B11)*Sens_hard_dollar!I$8 -> -1249.8648 | K11: =(I11/I$8-1) -> -0.0151352 | L11: =L$8+M11 -> 102521.75 | M11: =(-$B11*VLOOKUP(Sens_hard_dollar!M$1,Tabla1[],6,0)+0.5*VLOOKUP(Sens_hard_dollar!M$1,Tabla1[],7,0)*$B11*$B11)*Sens_hard_dollar!L$8 -> -6278.2534 | N11: =(L11/L$8-1) -> -0.057704535
A12: 200 | B12: =A12/10000 -> 0.02 | C12: =C$8+D12 -> 81559.377 | D12: =(-$B12*VLOOKUP(Sens_hard_dollar!D$1,Tabla1[],6,0)+0.5*VLOOKUP(Sens_hard_dollar!D$1,Tabla1[],7,0)*$B12*$B12)*Sens_hard_dollar!C$8 -> -3300.6229 | E12: =(C12/C$8-1) -> -0.03889492 | F12: =F$8+G12 -> 103192.28 | G12: =(-$B12*VLOOKUP(Sens_hard_dollar!G$1,Tabla1[],6,0)+0.5*VLOOKUP(Sens_hard_dollar!G$1,Tabla1[],7,0)*$B12*$B12)*Sens_hard_dollar!F$8 -> -12367.719 | H12: =(F12/F$8-1) -> -0.10702422 | I12: =I$8+J12 -> 80092.294 | J12: =(-$B12*VLOOKUP(Sens_hard_dollar!J$1,Tabla1[],6,0)+0.5*VLOOKUP(Sens_hard_dollar!J$1,Tabla1[],7,0)*$B12*$B12)*Sens_hard_dollar!I$8 -> -2487.706 | K12: =(I12/I$8-1) -> -0.0301248 | L12: =L$8+M12 -> 96303.434 | M12: =(-$B12*VLOOKUP(Sens_hard_dollar!M$1,Tabla1[],6,0)+0.5*VLOOKUP(Sens_hard_dollar!M$1,Tabla1[],7,0)*$B12*$B12)*Sens_hard_dollar!L$8 -> -12496.566 | N12: =(L12/L$8-1) -> -0.11485814
A13: 300 | B13: =A13/10000 -> 0.03 | C13: =C$8+D13 -> 79932.938 | D13: =(-$B13*VLOOKUP(Sens_hard_dollar!D$1,Tabla1[],6,0)+0.5*VLOOKUP(Sens_hard_dollar!D$1,Tabla1[],7,0)*$B13*$B13)*Sens_hard_dollar!C$8 -> -4927.0624 | E13: =(C13/C$8-1) -> -0.05806107 | F13: =F$8+G13 -> 97097.326 | G13: =(-$B13*VLOOKUP(Sens_hard_dollar!G$1,Tabla1[],6,0)+0.5*VLOOKUP(Sens_hard_dollar!G$1,Tabla1[],7,0)*$B13*$B13)*Sens_hard_dollar!F$8 -> -18462.674 | H13: =(F13/F$8-1) -> -0.15976699 | I13: =I$8+J13 -> 78866.476 | J13: =(-$B13*VLOOKUP(Sens_hard_dollar!J$1,Tabla1[],6,0)+0.5*VLOOKUP(Sens_hard_dollar!J$1,Tabla1[],7,0)*$B13*$B13)*Sens_hard_dollar!I$8 -> -3713.5235 | K13: =(I13/I$8-1) -> -0.0449688 | L13: =L$8+M13 -> 90145.063 | M13: =(-$B13*VLOOKUP(Sens_hard_dollar!M$1,Tabla1[],6,0)+0.5*VLOOKUP(Sens_hard_dollar!M$1,Tabla1[],7,0)*$B13*$B13)*Sens_hard_dollar!L$8 -> -18654.937 | N13: =(L13/L$8-1) -> -0.17146081

Sheet Sens_tasa_fija
D1: S30S6 | G1: S30N6 | J1: T31Y7
A2: Shock (bps) | B2: diferencial y | C2: Precio | D2: Variacion (ARS) | E2: Variacion (%) | F2: Precio | G2: Variacion (ARS) | H2: Variacion (%) | I2: Precio | J2: Variacion (ARS) | K2: Variacion (%)
A3: -300 | B3: =A3/10000 -> -0.03 | C3: =C$8+D3 -> 89930.294 | D3: =(-$B3*VLOOKUP(Sens_hard_dollar!D$1,Tabla1[],6,0)+0.5*VLOOKUP(Sens_hard_dollar!D$1,Tabla1[],7,0)*$B3*$B3)*Sens_hard_dollar!C$8 -> 5070.2942 | E3: =(C3/C$8-1) -> 0.05974893 | F3: =F$8+G3 -> 134556.1 | G3: =(-$B3*VLOOKUP(Sens_hard_dollar!G$1,Tabla1[],6,0)+0.5*VLOOKUP(Sens_hard_dollar!G$1,Tabla1[],7,0)*$B3*$B3)*Sens_hard_dollar!F$8 -> 18996.1 | H3: =(F3/F$8-1) -> 0.16438301 | I3: =I$8+J3 -> 86401.736 | J3: =(-$B3*VLOOKUP(Sens_hard_dollar!J$1,Tabla1[],6,0)+0.5*VLOOKUP(Sens_hard_dollar!J$1,Tabla1[],7,0)*$B3*$B3)*Sens_hard_dollar!I$8 -> 3821.7363 | K3: =(I3/I$8-1) -> 0.0462792
A4: -200 | B4: =A4/10000 -> -0.02 | C4: =C$8+D4 -> 88224.281 | D4: =(-$B4*VLOOKUP(Sens_hard_dollar!D$1,Tabla1[],6,0)+0.5*VLOOKUP(Sens_hard_dollar!D$1,Tabla1[],7,0)*$B4*$B4)*Sens_hard_dollar!C$8 -> 3364.2815 | E4: =(C4/C$8-1) -> 0.03964508 | F4: =F$8+G4 -> 128164.8 | G4: =(-$B4*VLOOKUP(Sens_hard_dollar!G$1,Tabla1[],6,0)+0.5*VLOOKUP(Sens_hard_dollar!G$1,Tabla1[],7,0)*$B4*$B4)*Sens_hard_dollar!F$8 -> 12604.797 | H4: =(F4/F$8-1) -> 0.10907578 | I4: =I$8+J4 -> 85115.801 | J4: =(-$B4*VLOOKUP(Sens_hard_dollar!J$1,Tabla1[],6,0)+0.5*VLOOKUP(Sens_hard_dollar!J$1,Tabla1[],7,0)*$B4*$B4)*Sens_hard_dollar!I$8 -> 2535.8006 | K4: =(I4/I$8-1) -> 0.0307072
A5: -100 | B5: =A5/10000 -> -0.01 | C5: =C$8+D5 -> 86534.183 | D5: =(-$B5*VLOOKUP(Sens_hard_dollar!D$1,Tabla1[],6,0)+0.5*VLOOKUP(Sens_hard_dollar!D$1,Tabla1[],7,0)*$B5*$B5)*Sens_hard_dollar!C$8 -> 1674.1834 | E5: =(C5/C$8-1) -> 0.01972877 | F5: =F$8+G5 -> 121832.76 | G5: =(-$B5*VLOOKUP(Sens_hard_dollar!G$1,Tabla1[],6,0)+0.5*VLOOKUP(Sens_hard_dollar!G$1,Tabla1[],7,0)*$B5*$B5)*Sens_hard_dollar!F$8 -> 6272.7638 | H5: =(F5/F$8-1) -> 0.054281445 | I5: =I$8+J5 -> 83841.888 | J5: =(-$B5*VLOOKUP(Sens_hard_dollar!J$1,Tabla1[],6,0)+0.5*VLOOKUP(Sens_hard_dollar!J$1,Tabla1[],7,0)*$B5*$B5)*Sens_hard_dollar!I$8 -> 1261.8885 | K5: =(I5/I$8-1) -> 0.0152808
A6: -50 | B6: =A6/10000 -> -0.005 | C6: =C$8+D6 -> 85695.102 | D6: =(-$B6*VLOOKUP(Sens_hard_dollar!D$1,Tabla1[],6,0)+0.5*VLOOKUP(Sens_hard_dollar!D$1,Tabla1[],7,0)*$B6*$B6)*Sens_hard_dollar!C$8 -> 835.10238 | E6: =(C6/C$8-1) -> 0.0098409425 | F6: =F$8+G6 -> 118688.97 | G6: =(-$B6*VLOOKUP(Sens_hard_dollar!G$1,Tabla1[],6,0)+0.5*VLOOKUP(Sens_hard_dollar!G$1,Tabla1[],7,0)*$B6*$B6)*Sens_hard_dollar!F$8 -> 3128.9732 | H6: =(F6/F$8-1) -> 0.027076611 | I6: =I$8+J6 -> 83209.441 | J6: =(-$B6*VLOOKUP(Sens_hard_dollar!J$1,Tabla1[],6,0)+0.5*VLOOKUP(Sens_hard_dollar!J$1,Tabla1[],7,0)*$B6*$B6)*Sens_hard_dollar!I$8 -> 629.44128 | K6: =(I6/I$8-1) -> 0.0076222
A7: -25 | B7: =A7/10000 -> -0.0025 | C7: =C$8+D7 -> 85277.054 | D7: =(-$B7*VLOOKUP(Sens_hard_dollar!D$1,Tabla1[],6,0)+0.5*VLOOKUP(Sens_hard_dollar!D$1,Tabla1[],7,0)*$B7*$B7)*Sens_hard_dollar!C$8 -> 417.05386 | E7: =(C7/C$8-1) -> 0.0049146106 | F7: =F$8+G7 -> 117122.63 | G7: =(-$B7*VLOOKUP(Sens_hard_dollar!G$1,Tabla1[],6,0)+0.5*VLOOKUP(Sens_hard_dollar!G$1,Tabla1[],7,0)*$B7*$B7)*Sens_hard_dollar!F$8 -> 1562.6344 | H7: =(F7/F$8-1) -> 0.013522278 | I7: =I$8+J7 -> 82894.345 | J7: =(-$B7*VLOOKUP(Sens_hard_dollar!J$1,Tabla1[],6,0)+0.5*VLOOKUP(Sens_hard_dollar!J$1,Tabla1[],7,0)*$B7*$B7)*Sens_hard_dollar!I$8 -> 314.3449 | K7: =(I7/I$8-1) -> 0.00380655
A8: - | B8: 0 | C8: =VLOOKUP(Sens_hard_dollar!D1,Tabla1[],3,0) -> 84860 | D8: - | E8: - | F8: =VLOOKUP(Sens_hard_dollar!G1,Tabla1[],3,0) -> 115560 | G8: - | H8: - | I8: =VLOOKUP(Sens_hard_dollar!J1,Tabla1[],3,0) -> 82580 | J8: - | K8: -
A9: 25 | B9: =A9/10000 -> 0.0025 | C9: =C$8+D9 -> 84443.941 | D9: =(-$B9*VLOOKUP(Sens_hard_dollar!D$1,Tabla1[],6,0)+0.5*VLOOKUP(Sens_hard_dollar!D$1,Tabla1[],7,0)*$B9*$B9)*Sens_hard_dollar!C$8 -> -416.05919 | E9: =(C9/C$8-1) -> -0.0049028894 | F9: =F$8+G9 -> 114001.07 | G9: =(-$B9*VLOOKUP(Sens_hard_dollar!G$1,Tabla1[],6,0)+0.5*VLOOKUP(Sens_hard_dollar!G$1,Tabla1[],7,0)*$B9*$B9)*Sens_hard_dollar!F$8 -> -1558.9301 | H9: =(F9/F$8-1) -> -0.013490222 | I9: =I$8+J9 -> 82266.407 | J9: =(-$B9*VLOOKUP(Sens_hard_dollar!J$1,Tabla1[],6,0)+0.5*VLOOKUP(Sens_hard_dollar!J$1,Tabla1[],7,0)*$B9*$B9)*Sens_hard_dollar!I$8 -> -313.59342 | K9: =(I9/I$8-1) -> -0.00379745
A10: 50 | B10: =A10/10000 -> 0.005 | C10: =C$8+D10 -> 84028.876 | D10: =(-$B10*VLOOKUP(Sens_hard_dollar!D$1,Tabla1[],6,0)+0.5*VLOOKUP(Sens_hard_dollar!D$1,Tabla1[],7,0)*$B10*$B10)*Sens_hard_dollar!C$8 -> -831.12372 | E10: =(C10/C$8-1) -> -0.0097940575 | F10: =F$8+G10 -> 112445.84 | G10: =(-$B10*VLOOKUP(Sens_hard_dollar!G$1,Tabla1[],6,0)+0.5*VLOOKUP(Sens_hard_dollar!G$1,Tabla1[],7,0)*$B10*$B10)*Sens_hard_dollar!F$8 -> -3114.1558 | H10: =(F10/F$8-1) -> -0.026948389 | I10: =I$8+J10 -> 81953.565 | J10: =(-$B10*VLOOKUP(Sens_hard_dollar!J$1,Tabla1[],6,0)+0.5*VLOOKUP(Sens_hard_dollar!J$1,Tabla1[],7,0)*$B10*$B10)*Sens_hard_dollar!I$8 -> -626.43536 | K10: =(I10/I$8-1) -> -0.0075858
A11: 100 | B11: =A11/10000 -> 0.01 | C11: =C$8+D11 -> 83201.731 | D11: =(-$B11*VLOOKUP(Sens_hard_dollar!D$1,Tabla1[],6,0)+0.5*VLOOKUP(Sens_hard_dollar!D$1,Tabla1[],7,0)*$B11*$B11)*Sens_hard_dollar!C$8 -> -1658.2688 | E11: =(C11/C$8-1) -> -0.01954123 | F11: =F$8+G11 -> 109346.51 | G11: =(-$B11*VLOOKUP(Sens_hard_dollar!G$1,Tabla1[],6,0)+0.5*VLOOKUP(Sens_hard_dollar!G$1,Tabla1[],7,0)*$B11*$B11)*Sens_hard_dollar!F$8 -> -6213.4942 | H11: =(F11/F$8-1) -> -0.053768555 | I11: =I$8+J11 -> 81330.135 | J11: =(-$B11*VLOOKUP(Sens_hard_dollar!J$1,Tabla1[],6,0)+0.5*VLOOKUP(Sens_hard_dollar!J$1,Tabla1[],7,0)*$B11*$B11)*Sens_hard_dollar!I$8 -> -1249.8648 | K11: =(I11/I$8-1) -> -0.0151352
A12: 200 | B12: =A12/10000 -> 0.02 | C12: =C$8+D12 -> 81559.377 | D12: =(-$B12*VLOOKUP(Sens_hard_dollar!D$1,Tabla1[],6,0)+0.5*VLOOKUP(Sens_hard_dollar!D$1,Tabla1[],7,0)*$B12*$B12)*Sens_hard_dollar!C$8 -> -3300.6229 | E12: =(C12/C$8-1) -> -0.03889492 | F12: =F$8+G12 -> 103192.28 | G12: =(-$B12*VLOOKUP(Sens_hard_dollar!G$1,Tabla1[],6,0)+0.5*VLOOKUP(Sens_hard_dollar!G$1,Tabla1[],7,0)*$B12*$B12)*Sens_hard_dollar!F$8 -> -12367.719 | H12: =(F12/F$8-1) -> -0.10702422 | I12: =I$8+J12 -> 80092.294 | J12: =(-$B12*VLOOKUP(Sens_hard_dollar!J$1,Tabla1[],6,0)+0.5*VLOOKUP(Sens_hard_dollar!J$1,Tabla1[],7,0)*$B12*$B12)*Sens_hard_dollar!I$8 -> -2487.706 | K12: =(I12/I$8-1) -> -0.0301248
A13: 300 | B13: =A13/10000 -> 0.03 | C13: =C$8+D13 -> 79932.938 | D13: =(-$B13*VLOOKUP(Sens_hard_dollar!D$1,Tabla1[],6,0)+0.5*VLOOKUP(Sens_hard_dollar!D$1,Tabla1[],7,0)*$B13*$B13)*Sens_hard_dollar!C$8 -> -4927.0624 | E13: =(C13/C$8-1) -> -0.05806107 | F13: =F$8+G13 -> 97097.326 | G13: =(-$B13*VLOOKUP(Sens_hard_dollar!G$1,Tabla1[],6,0)+0.5*VLOOKUP(Sens_hard_dollar!G$1,Tabla1[],7,0)*$B13*$B13)*Sens_hard_dollar!F$8 -> -18462.674 | H13: =(F13/F$8-1) -> -0.15976699 | I13: =I$8+J13 -> 78866.476 | J13: =(-$B13*VLOOKUP(Sens_hard_dollar!J$1,Tabla1[],6,0)+0.5*VLOOKUP(Sens_hard_dollar!J$1,Tabla1[],7,0)*$B13*$B13)*Sens_hard_dollar!I$8 -> -3713.5235 | K13: =(I13/I$8-1) -> -0.0449688

Sheet Curva_NS
A1: tipo | B1: plazo_anos | C1: spot_% | D1: forward_ins_% | E1: forward_6m_% | F1: par_% | G1: forward_3m_% | H1: forward_1m_%
A2: hard_dollar | B2: 3 | C2: 8.9741 | D2: 10.735 | E2: 10.9291 | F2: 8.6972
A3: hard_dollar | B3: 4 | C3: 9.4974 | D3: 11.3491 | E3: 11.4707 | F3: 9.1462
A4: hard_dollar | B4: 5 | C4: 9.906 | D4: 11.6912 | E4: 11.7529 | F4: 9.484
A5: hard_dollar | B5: 6 | C5: 10.2167 | D5: 11.818 | E5: 11.831 | F5: 9.733
A6: hard_dollar | B6: 7 | C6: 10.4443 | D6: 11.7767 | E6: 11.7508 | F6: 9.9113
A7: hard_dollar | B7: 8 | C7: 10.6014 | D7: 11.6062 | E7: 11.5501 | F7: 10.034
A8: hard_dollar | B8: 9 | C8: 10.6989 | D8: 11.3383 | E8: 11.26 | F8: 10.113
A9: hard_dollar | B9: 10 | C9: 10.7464 | D9: 10.9992 | E9: 10.9055 | F9: 10.1582
A10: hard_dollar | B10: 11 | C10: 10.752 | D10: 10.6099 | E10: 10.5068 | F10: 10.177
A11: hard_dollar | B11: 12 | C11: 10.7227 | D11: 10.1876 | E11: 10.0802 | F11: 10.1757
A12: hard_dollar | B12: 13 | C12: 10.6647 | D12: 9.746 | E12: 9.6385 | F12: 10.159
A13: hard_dollar | B13: 14 | C13: 10.583 | D13: 9.296 | E13: 9.1918 | F13: 10.1306
A14: hard_dollar | B14: 15 | C14: 10.4822 | D14: 8.846 | E14: 8.7478 | F14: 10.0935
A15: dollar_linked | B15: 0.25 | C15: 11.6979 | D15: 4.0979 | F15: 11.6979 | G15: 2.5843
A16: dollar_linked | B16: 0.5 | C16: 7.0442 | D16: 2.3062 | F16: 7.0442 | G16: 3.9948
A17: dollar_linked | B17: 0.75 | C17: 6.0179 | D17: 5.9904 | F17: 6.0179 | G17: 8.2325
A18: dollar_linked | B18: 1 | C18: 6.5673 | D18: 10.3747 | F18: 6.5673 | G18: 12.383
A19: dollar_linked | B19: 1.5 | C19: 8.9789 | D19: 16.5517 | F19: 8.9789 | G19: 17.7611
A20: dollar_linked | B20: 2 | C20: 11.2755 | D20: 19.3636 | F20: 11.2755 | G20: 20.0209
A21: dollar_linked | B21: 2.5 | C21: 13.0197 | D21: 20.45 | F21: 13.0197 | G21: 20.8167
A22: CER | B22: 0.5 | C22: 7.0707 | D22: 5.4916 | E22: 7.2138 | F22: 6.9499
A23: CER | B23: 0.75 | C23: 6.7837 | D23: 7.1228 | E23: 9.3242 | F23: 6.9499
A24: CER | B24: 1 | C24: 7.1422 | D24: 9.3304 | E24: 11.4007 | F24: 7.0179
A25: CER | B25: 1.5 | C25: 8.5433 | D25: 13.1165 | E25: 14.4842 | F25: 8.3123
A26: CER | B26: 2 | C26: 9.999 | D26: 15.3826 | E26: 16.163 | F26: 9.613
A27: tasa_fija | B27: 0.0833 | C27: 32.9306 | D27: 32.7128 | F27: 32.9306 | H27: 32.5183
A28: tasa_fija | B28: 0.1667 | C28: 32.7243 | D28: 32.3336 | F28: 32.7243 | H28: 32.1694
A29: tasa_fija | B29: 0.25 | C29: 32.5391 | D29: 32.0126 | F29: 32.5391 | H29: 31.8742
A30: tasa_fija | B30: 0.3333 | C30: 32.3726 | D30: 31.7409 | F30: 32.3726 | H30: 31.6244
A31: tasa_fija | B31: 0.4167 | C31: 32.2226 | D31: 31.5109 | F31: 32.2226 | H31: 31.4129
A32: tasa_fija | B32: 0.5 | C32: 32.0873 | D32: 31.3162 | F32: 32.0873 | H32: 31.2339
A33: tasa_fija | B33: 0.75 | C33: 31.754 | D33: 30.8938 | F33: 31.754 | H33: 30.8453
